ID,Volpiano
"mSCH001
Cantus ID:
Genre: Al | Mode:",1--9a--cdc--defe--ddefgfdecdddefgfdecdd---------------
"mSCH002
Cantus ID:
Genre: Al | Mode:",1--a--ccd--dcdef--edffegfefedfhghgefegfde--------------
"mSCH002a
Cantus ID:
Genre: Al | Mode:",1--c--de--edefg--edffegfefedfhghgefegfd---------------
"mSCH003
Cantus ID:
Genre: Al | Mode:",1--a--cdcdcdfed--cddegfgfededcedfgfe------------------
"mSCH003a
Cantus ID:
Genre: Al | Mode:",1--a--cdcdcdfeded--cddegfgfededdcedfgfeded------------
"mSCH003b
Cantus ID:
Genre: Al | Mode:",1--a--cdcdcdcdeffedd--cddfgfgfdeddcfeed---------------
"mSCH004
Cantus ID:
Genre: Al | Mode: D",1--a9--cdcdcdcdefdd--cddefgegfeecffffedffd------------
"mSCH005
Cantus ID:
Genre: Al | Mode:",1--cd--ddca--ceddcd--ddefggfefededcdfghgh-------------
"mSCH005a
Cantus ID:
Genre: Al | Mode:",1--ad--ddca--ceddcdddefggfefededcfghgh----------------
"mSCH006
Cantus ID:
Genre: Al | Mode:",1--cd--d--cd--ddcaccdddggfedefedcdgfedefedc-----------
"mSCH007
Cantus ID: g01125
Genre: Al | Mode: D",1--cd--d--cd--ddefghgdfeddefghgdfedcdefeed------------
"mSCH007a
Cantus ID:
Genre: Al | Mode:",1--d--cb--cd--dceghgdfedcfeed-------------------------
"mSCH007b
Cantus ID:
Genre: Al | Mode:",1--da--acb--cd--ddefghgdfeddefghgdfeddcdefeed---------
"mSCH007c
Cantus ID:
Genre: Al | Mode:",1--dc--cddca--cd--deddffghgdfeddefghgdfedcefeed-------
"mSCH008
Cantus ID:
Genre: Al | Mode:",1--cd--d--dce--dghgfhgeedgggfdeecdedfghge-------------
"mSCH009
Cantus ID: g01268
Genre: Al | Mode: D",1--cded--eed--cddffdcddfghhgfedcefdcddffd-------------
"mSCH010
Cantus ID:
Genre: Al | Mode:",1--cd--ededd--cd--ddefggfefededcdfghghkkhjg-----------
"mSCH011
Cantus ID:
Genre: Al | Mode:",1--cd--ddc--cdf--fedfefgedcfeed-----------------------
"mSCH012
Cantus ID: g02353
Genre: Al | Mode: D",1--cd-d--fdd--cedfededcfgfhghedededcceghg-------------
"mSCH012a
Cantus ID:
Genre: Al | Mode:",1--cd--dfddc--cffdedcdfgfhghfedcdefed-----------------
"mSCH013
Cantus ID: g01092
Genre: Al | Mode: D",1--cd--defeddd--cd--dhhghjhgdfecddhhghhgfed-----------
"mSCH014
Cantus ID:
Genre: Al | Mode:",1--cd--dfdeddd--cd--fedghffedfffedeed-----------------
"mSCH015
Cantus ID:
Genre: Al | Mode:",1--cd--dfefdedcdddefgfghgfedcdddefgfghg---------------
"mSCH016
Cantus ID:
Genre: Al | Mode:",1--cdef--dfededd--cd--dfghjhfgfghhhgffed--------------
"mSCH017
Cantus ID: g01841
Genre: Al | Mode: D",1--cdeed--ed--dffeed--ddhgfdedhgfdeegh----------------
"mSCH018
Cantus ID:
Genre: Al | Mode:",1--c--dedcedefed--cddedcdefeddedcdefd-----------------
"mSCH018a
Cantus ID:
Genre: Al | Mode:",1--cd--dedfffedd--cdddedcdefeeddedcdefeed-------------
"mSCH019
Cantus ID: g02358
Genre: Al | Mode: D",1--cd--ecdfefded--cd--ddefgggfedfefggcdffed-----------
"mSCH020
Cantus ID:
Genre: Al | Mode:",1--cd--defdedcdcd--eff--defdedcdcdefddefg-------------
"mSCH021
Cantus ID: g01302
Genre: Al | Mode: D",1--cd--defeddc--edfed--dfhgfddcedfed------------------
"mSCH022
Cantus ID: g00314
Genre: Al | Mode: D",1--cd--dfeddcd--feddcd--ddcfghijhggfdfed--------------
"mSCH023
Cantus ID: g00556
Genre: Al | Mode: D",1--cd--defeed--dffededd--cddffegfededecdgcd-----------
"mSCH024
Cantus ID: g02332
Genre: Al | Mode: D",1--cd--dfdedfffed--dedd--cdd--dcfgfhfhhjhgfh----------
"mSCH025
Cantus ID:
Genre: Al | Mode:",1--cde--edefefdcdfdeccdefgfghgfedcdde-----------------
"mSCH025a
Cantus ID:
Genre: Al | Mode:",1--cdf--fefgfged--egef--dcdefgfghgfedcdde-------------
"mSCH026
Cantus ID: g01176
Genre: Al | Mode: D",1--cd--fdefecdcdfded--cddefeddgggfedcf----------------
"mSCH027
Cantus ID: g00556
Genre: Al | Mode: D",1--c--d--fg--gfgeedfghgcdfdfefcffdefd-----------------
"mSCH028
Cantus ID:
Genre: Al | Mode: D",1--c--d--fg--gfgeedfghgcdfdfefcfffdefed---------------
"mSCH029
Cantus ID:
Genre: Al | Mode:",1--cd--d--fg--fefddcdcdfgfefddcdecefdeed--------------
"mSCH030
Cantus ID:
Genre: Al | Mode:",1--c--d--fg--gfgfghgfhgfefedffgfghfhghfdfg------------
"mSCH030a
Cantus ID:
Genre: Al | Mode:",1--c--cfe--fg--ggggcdeedcdcfghgdfedfffeddc------------
"mSCH031
Cantus ID:
Genre: Al | Mode:",1--cd--dc--df--fgfghghggdfgfghhgffgfedefd-------------
"mSCH031a
Cantus ID:
Genre: Al | Mode:",1--de--dc--def--fgfghghgdfgfghjhgffgfedffd------------
"mSCH032
Cantus ID:
Genre: Al | Mode:",1--cd--feed--fg--ggggcdeeedcdcfghggdfed---------------
"mSCH033
Cantus ID:
Genre: Al | Mode:",1--cd--ddcg--efeed--ddefgfedfhgfedcdddefg-------------
"mSCH034
Cantus ID: g00550
Genre: Al | Mode: D",1--cd--d--ffgfefg--ghgffdgffcdfdffdfefdc--------------
"mSCH035
Cantus ID: g02353
Genre: Al | Mode: D",1--cd--fgedfedd--cd--ddhhjhghgfghhdfefggfeded---------
"mSCH036
Cantus ID: g02232
Genre: Al | Mode: D",1--cd--dfgfed--cde--eddefghhgfedcdddefhghdfgfed-------
"mSCH037
Cantus ID:
Genre: Al | Mode:",1--cd--d--ffdgdfedcee--dfffdceedfghjhgedfffdedc-------
"mSCH037a
Cantus ID:
Genre: Al | Mode:",1--dd--cd--defed--cddfgefgfedefeegefgfedefeefg--------
"mSCH037b
Cantus ID:
Genre: Al | Mode:",1--dd--cd--dfgffedcee--dfedcddfedcddfghhgfed----------
"mSCH038
Cantus ID: g01362
Genre: Al | Mode: D",1--c-dede--efgfefg--ghgfgfefghgfgfecddfedcd-----------
"mSCH039
Cantus ID:
Genre: Al | Mode:",1--cdf--efgedfedd--cd--ddhhhgfgghddcgfghgfed----------
"mSCH040
Cantus ID: g02192
Genre: Al | Mode: D",1--cd--degfefded--cd--dhhkjgkjhhhkjgkjhhjhgefeed------
"mSCH041
Cantus ID: g00325
Genre: Al | Mode: D",1--cd--defeddc--efgfee--dfedfghhgfeddhhgfedfefg-------
"mSCH041a
Cantus ID:
Genre: Al | Mode:",1--cd--dffeffeefggfefgfed--cdddgghhkjhghgffe----------
"mSCH041b
Cantus ID:
Genre: Al | Mode:",1--cd--defeed--egefgfee--dfghggegfedhggfedfe----------
"mSCH042
Cantus ID:
Genre: Al | Mode:",1--cd--d--defgfedefg--ggfghfjhgefgfgfddcdc------------
"mSCH042a
Cantus ID:
Genre: Al | Mode:",1--cd--dfgfedd--defgfedefg--gfghgjhgefgfgf------------
"mSCH043
Cantus ID: g00306
Genre: Al | Mode: D",1--cd--defec--edefgeed--dhghjhgeghefedcdd-------------
"mSCH044
Cantus ID:
Genre: Al | Mode:",1--cd--dededcegfedd--cd--ddhehhjhgefegfefd------------
"mSCH045
Cantus ID:
Genre: Al | Mode:",1--cd--dfedefggfed--cd--dhhgfgghehkghhgfggh-----------
"mSCH046
Cantus ID: g01302
Genre: Al | Mode: D",1--cdfg--edfefded--cd--dfghhfhgjhfhgjhgfdeddc---------
"mSCH046a
Cantus ID:
Genre: Al | Mode:",1--cdc--fgedfefded--cddfghghfhgjhgefddc---------------
"mSCH047
Cantus ID: g02105.1
Genre: Al | Mode: D",1--cdf--fgedfefd--dceedfghhfhhfhgefggdec--------------
"mSCH048
Cantus ID: g00538
Genre: Al | Mode: D",1--cd--edefgfed--efeed--defdcceedgfeddefegfefd--------
"mSCH049
Cantus ID:
Genre: Al | Mode:",1--cd--deddc--defgegfeed--ddfefgegfeddefghhfhgf-------
"mSCH049a
Cantus ID:
Genre: Al | Mode:",1--cd--defeed--defgegffe--ddefgegfeddefgegfed---------
"mSCH050
Cantus ID:
Genre: Al | Mode:",1--cd--dcdefgfedfeddcdddffegfedefde-------------------
"mSCH051
Cantus ID:
Genre: Al | Mode:",1--cd--dfeecefgedfedd--cd--ddhjhghgfgfgghhge----------
"mSCH052
Cantus ID: 008427.1
Genre: Al | Mode: D",1--cde--efgededcddc--cde--edegfdeedeedegfdee----------
"mSCH053
Cantus ID: 008435
Genre: Al | Mode: D",1--cd--dfgfefedcdefedfefg--gefgghjhggfgfed------------
"mSCH054
Cantus ID: g01554
Genre: Al | Mode: D",1--cd--defedccdfgf--edefedcd--ddefgggfedcedefed-------
"mSCH054a
Cantus ID:
Genre: Al | Mode:",1--fg--ghjggf--hghjkk--ggkkjklkhhgfggghgkkg-----------
"mSCH055
Cantus ID:
Genre: Al | Mode:",1--cdf--fefdc--fgh--hijhghgghgfgfefeddcdefgfefd-------
"mSCH056
Cantus ID:
Genre: Al | Mode:",1--cd--efghgfedd--cd--ddhjhgffghghgfedcceed-----------
"mSCH057
Cantus ID:
Genre: Al | Mode:",1--cd--dfghfededd--cd--dhgfedfggcdefgfedcdd-----------
"mSCH058
Cantus ID: g01234
Genre: Al | Mode: D",1--cd--d--fdffgffg--ghffcfffhjgffedefd----------------
"mSCH058a
Cantus ID:
Genre: Al | Mode:",1--d--d--fdffgefg--ghffdfffhjgfeddefd-----------------
"mSCH059
Cantus ID: 507012
Genre: Al | Mode: D",1--cd--dfeddc--fgfgh--hhghgfgfeddcgfghffed------------
"mSCH060
Cantus ID: g01313
Genre: Al | Mode: D",1--cdef--dedc--efgh--hhgfdedcefggfededceddefded-------
"mSCH061
Cantus ID: g02360
Genre: Al | Mode: D",1--c--cdefedfghhg--edff--dhghgfededccdeedfghhg--------
"mSCH062
Cantus ID: g01352
Genre: Al | Mode: D",1--ce--eghfgfed--ghg--ghgkhgdffedcegghgkhgkhg---------
"mSCH062a
Cantus ID:
Genre: Al | Mode:",1--cdd--ceghegfedgh--ghgjhgjhgdefeddceghgjh-----------
"mSCH062b
Cantus ID:
Genre: Al | Mode:",1--cde--efdcde--eghfgfe--ghghgjhgjhgfdefedc-----------
"mSCH062c
Cantus ID:
Genre: Al | Mode:",1--ee--de--eghegfed--ghghgjhgjhgdefeddceghgjh---------
"mSCH062d
Cantus ID:
Genre: Al | Mode:",1--fggh--hhgfggh--hhklijkh--hkklklkmlkmlkkgihj--------
"mSCH063
Cantus ID:
Genre: Al | Mode:",1--cd--efghhged--dcgff--eddefgefdhgffedecdd-----------
"mSCH064
Cantus ID: g02149
Genre: Al | Mode: D",1--cd--dfdecdd--fghgfggh--hfhjhghfgfedcdd-------------
"mSCH065
Cantus ID: g02565
Genre: Al | Mode: D",1--cd--defggghhhgefed--cd--ddefggghhhgefeddh----------
"mSCH065a
Cantus ID:
Genre: Al | Mode:",1--cd--ddefggghhhgefed--cd--ddggfefedcfefgf-----------
"mSCH066
Cantus ID:
Genre: Al | Mode:",1--cd--edfghgfedd--cdefe--dhhgfedefggfefdceed---------
"mSCH067
Cantus ID:
Genre: Al | Mode:",1--cd--dfdeddc--fghhgfgh--hhgffedfgfdeddc-------------
"mSCH067a
Cantus ID:
Genre: Al | Mode:",1--dd--cd--ddfef--ddcdefffedcfgfdeddccdefffedc--------
"mSCH067a
Cantus ID:
Genre: Al | Mode:",1--h--gh--hjkhj--hhgklmmlklmmlkjhklkkhjhgghjk---------
"mSCH068
Cantus ID:
Genre: Al | Mode:",1--cd--ededecddc--hhggfghhhkkjgfgghhghg---------------
"mSCH069
Cantus ID:
Genre: Al | Mode:",1--cd--dfedefhgfedc--efe--dhghfgjghhghgfedcdf---------
"mSCH070
Cantus ID:
Genre: Al | Mode:",1--cd--degghfegfed--cdefdcd--ddedcdefgghfeg-----------
"mSCH071
Cantus ID: g01341
Genre: Al | Mode: D",1--cd--degefeed--egfhgefdcdee--dhhgjhghggfed----------
"mSCH072
Cantus ID:
Genre: Al | Mode:",1--cccd--dfdedecd--dfededcfghhgfgh--hfgedfefd---------
"mSCH073
Cantus ID: g02360
Genre: Al | Mode: D",1--c--e--ghj--hghgkjhhhgefedceggefeghgeffd------------
"mSCH074
Cantus ID:
Genre: Al | Mode:",1--c--d--edhj--hhghgfhfgfegfedcegefdedccfe------------
"mSCH074a
Cantus ID:
Genre: Al | Mode:",1--dhj--h--hgh--ghgfhfgfegfedcfegffdceggef------------
"mSCH075
Cantus ID: g02265
Genre: Al | Mode: D",1--c--d--edhj--hghgfhfgfgfdcefgfeceggefdeddc----------
"mSCH076
Cantus ID:
Genre: Al | Mode:",1--cdefed--ddc--fghjggfgh--hdefgfeddefghjhggfghh------
"mSCH076a
Cantus ID:
Genre: Al | Mode:",1--defgfe--eed--fghjghefg--ggdefgfeddefghjhggf--------
"mSCH077
Cantus ID: g01322
Genre: Al | Mode: D",1--cdf--efgedffd--fghjghefg--gdefgedffddefged---------
"mSCH077a
Cantus ID:
Genre: Al | Mode:",1--dff--efgedfd--fghjghefg--gdefgedfddefgedhghfed-----
"mSCH078
Cantus ID: g02332
Genre: Al | Mode: D",1--cdef--gfedffd--fghjghefg--gdefghfedffddefgfed------
"mSCH079
Cantus ID: g02067
Genre: Al | Mode: D",1--cd--dfdefdeccddhjhghgfe--gh--hhdfgfedcd------------
"mSCH080
Cantus ID:
Genre: Al | Mode:",1--cd--dfddcfed--fghhgkjhgh--gfghhkjhjhghgfgf---------
"mSCH081
Cantus ID: g00082
Genre: Al | Mode: D",1--dcc--a--cdcfffedefd--ddegfghfhghgfeddefg-----------
"mSCH081a
Cantus ID:
Genre: Al | Mode:",1--dcc--a--cdcfffee--ddefghhfghgfedcfffeddefd---------
"mSCH082
Cantus ID:
Genre: Al | Mode:",1--dca--cded--cdefgefed--dfghhjhfgfggkggfhhd----------
"mSCH082a
Cantus ID:
Genre: Al | Mode:",1--cd--dfdefghgefd--cd--dfghjhfgfgjggfhdfegfdcd-------
"mSCH082b
Cantus ID:
Genre: Al | Mode:",1--dd--cdefgedffd--cd--dfghjhfgfgjggfhhdfegfdd--------
"mSCH083
Cantus ID:
Genre: Al | Mode:",1--de--dc--de--ddefggfedefdedcddadedcddefg------------
"mSCH084
Cantus ID:
Genre: Al | Mode:",1--de--edcdef--eed--dgfefedccdcegffdceghjhgh----------
"mSCH084a
Cantus ID:
Genre: Al | Mode:",1--cdeed--def--eed--dgfefedcddefgffdcgh---------------
"mSCH085
Cantus ID: g00203
Genre: Al | Mode: D",1--ddc--cdeffededd--cd--dddcfghhjhgfgfdedcdd----------
"mSCH085a
Cantus ID:
Genre: Al | Mode:",1--cdefg--ed--cd--dddcfghhjhgfgfdedcdddhjhgf----------
"mSCH086
Cantus ID:
Genre: Al | Mode:",1--ddc--cdeffededd--cd--ddffhfggcdeffededcdddffh------
"mSCH087
Cantus ID:
Genre: Al | Mode:",1--ddc--eedfefdedcdd--cdefedd--ccfghgfedcefd----------
"mSCH088
Cantus ID: g01297
Genre: Al | Mode: D",1--dedd--efgf--ee--degfedcacdeeefghgfeddfddceed-------
"mSCH088a
Cantus ID:
Genre: Al | Mode:",1--cd--deddc--efgfegfeed--degfeddcacdeeefghgfed-------
"mSCH089
Cantus ID:
Genre: Al | Mode:",1--defggf--edffe--dhghhgfeddefggfedcedfeddcefed-------
"mSCH090
Cantus ID:
Genre: Al | Mode:",1--ddc--egfecd--ef--dhfhgedfgedfecdefddddefghhhge-----
"mSCH091
Cantus ID: 507009
Genre: Al | Mode: D",1--de--ecd--defgee--dgegjghhdefedcddceggfdee----------
"mSCH092
Cantus ID: g02306
Genre: Al | Mode: D",1--de--ddc--defgfed--dedcdcfedegegfedffd--------------
"mSCH093
Cantus ID:
Genre: Al | Mode: D",1--d--efg--gefgeed--dcddcdfdefggfdecddhhghd-----------
"mSCH094
Cantus ID:
Genre: Al | Mode:",1--c--efgedfdec--efddefgedfdecefdddhhhgfhd------------
"mSCH095
Cantus ID: g02330
Genre: Al | Mode: D",1--ddc--edfgfefd--cddhfhhgedefgfedcddefefdcdd---------
"mSCH096
Cantus ID: g01399
Genre: Al | Mode: D",1--dcd--defgfedd--cd--defedcdcdgefededcdfed-----------
"mSCH097
Cantus ID:
Genre: Al | Mode:",1--d--egecdefed--cd--ddhjhghgffedcdefeec--------------
"mSCH097a
Cantus ID:
Genre: Al | Mode:",1--ddc--efgecdegedefed--ddcd--ddhhgefedcefgedefd------
"mSCH098
Cantus ID:
Genre: Al | Mode:",1--de--dcegfefedd--cd--dhdedcdeeceggfdedcd------------
"mSCH099
Cantus ID:
Genre: Al | Mode:",1--ddc--egfedefedd--cd--ddhhggfghhdhhggfghh-----------
"mSCH100
Cantus ID:
Genre: Al | Mode:",1--dc--efgfefe--dcef--dfghghgfgfededdffgefdfecdd------
"mSCH101
Cantus ID:
Genre: Al | Mode:",1--de--ededc--efgfeed--ddededcefgfeeddededc-----------
"mSCH101a
Cantus ID:
Genre: Al | Mode:",1--de--edc--efgfeee--ddcddfefgefededcdddcd------------
"mSCH102
Cantus ID:
Genre: Al | Mode:",1--de--edcdefgfed--cd--dgghhhgfedefeddcddhgfegjh------
"mSCH103
Cantus ID:
Genre: Al | Mode:",1--dedd--efgfedc--efdcd--ddhghhjhgfedcddfededce-------
"mSCH103a
Cantus ID:
Genre: Al | Mode:",1--df--edcf--ed--dgfedcdefedcdaa9ddcdeed--------------
"mSCH103b
Cantus ID:
Genre: Al | Mode:",1--de--edcdef--eed--dgefedcdeegefedcdee---------------
"mSCH104
Cantus ID:
Genre: Al | Mode:",1--de--dcdefged--edceed--dfghjkhghgefeeddefg----------
"mSCH104a
Cantus ID:
Genre: Al | Mode:",1--cd--dcdf--fgedfdcfg--dfghhkhghgfgdfeed-------------
"mSCH105
Cantus ID:
Genre: Al | Mode:",1--ded--cdefgfed--fed--ccdfghhhhgfgfghhddgfecd--------
"mSCH106
Cantus ID:
Genre: Al | Mode:",1--ddc--cdefgfed--cdeffe--dfghjhghgefeddcefdfgh-------
"mSCH106a
Cantus ID:
Genre: Al | Mode:",1--ddc--cdefed--gfedcdef--dfghgfggghjghfgjhggfe-------
"mSCH107
Cantus ID:
Genre: Al | Mode:",1--ddc--dffdeddcd--fgfedfecd--dhfhgedefgfedeeecdd-----
"mSCH108
Cantus ID:
Genre: Al | Mode:",1--dc--cdefffedcddc--efgfee--dfedfgfefgfdcfghgh-------
"mSCH109
Cantus ID:
Genre: Al | Mode:",1--ddc--dedcdcdfgedfedd--cd--ddcfghhghfgh-------------
"mSCH110
Cantus ID:
Genre: Al | Mode:",1--ddcd--ddcdefggfefededd--cddfffededcddefg-----------
"mSCH111
Cantus ID:
Genre: Al | Mode:",1--dc--dcdefdecdefgedfed--cd--dhggfdegfedcdd----------
"mSCH112
Cantus ID:
Genre: Al | Mode:",1--de--cdffffedcdcedeedc--defedfgd--feffedeffeded-----
"mSCH113
Cantus ID:
Genre: Al | Mode:",1--dc--f--gfh--hjkjhjgfghkhhgfhgedecefggfdefd---------
"mSCH113a
Cantus ID:
Genre: Al | Mode:",1--ed--g--hgkk--jklkjkhghjjljjhgjheffefdfghh----------
"mSCH114
Cantus ID:
Genre: Al | Mode:",1--de--dc--fgh--hgfdfeceghgefdfeceed------------------
"mSCH115
Cantus ID:
Genre: Al | Mode:",1--dfd--cf--igh--hhjhghgfghhhjhghgfghhgghggjhgfeddc---
"mSCH115a
Cantus ID:
Genre: Al | Mode:",1--ege--cg--h--jjkjhhkhghjhhkjhgegeedhg---------------
"mSCH115b
Cantus ID:
Genre: Al | Mode:",1--hkh--k--ln--nnmlmlklmllknnmlmlklmlmlmlkhhg---------
"mSCH115c
Cantus ID:
Genre: Al | Mode:",1--egee--g--hj--jhjhghkhjkkjjkjhjhghkhjhgeed----------
"mSCH116
Cantus ID:
Genre: Al | Mode:",1--dfd--cfe--gh--hhjkjjhghgfgfghhjkjhjhghgfgfgh-------
"mSCH117
Cantus ID:
Genre: Al | Mode:",1--dd--fddcff--ghhjkhjghgfhhkhghghgfedcf--------------
"mSCH118
Cantus ID:
Genre: Al | Mode:",1--d--fddcf--gh--hjkhjghjkhjghgfghhdfghhjkhjg---------
"mSCH119
Cantus ID:
Genre: Al | Mode:",1--dc--ff--gfhgh--hfhkhghgfhdefghgefeed---------------
"mSCH120
Cantus ID:
Genre: Al | Mode:",1--dhhg--hgfedd--cd--dddcgfghgfededcdddhhgfg----------
"mSCH120a
Cantus ID:
Genre: Al | Mode:",1--dhhg--hgfgfedd--cd--ddcgfghgfedcdddhhgfghh---------
"mSCH121
Cantus ID:
Genre: Al | Mode:",1--d--ff--gfhgh--hkhhffghghfhghffecdefgfgfedefd-------
"mSCH122
Cantus ID:
Genre: Al | Mode:",1--de--ddc--fghhgfhhf--gdefedcdcdffghhhgfhgdefedcd----
"mSCH123
Cantus ID:
Genre: Al | Mode:",1--de--d--defgefedgh--hhhgjghhdcdeghffdcdeg-----------
"mSCH123a
Cantus ID:
Genre: Al | Mode:",1--fg--gg--ghjkkjhjkl--kijlijkhijklhghkkkjhjkg--------
"mSCH124
Cantus ID:
Genre: Al | Mode:",1--dcg--ghggdfegf--eee--dffecddcdfffghjhghgf----------
"mSCH125
Cantus ID:
Genre: Al | Mode:",1--dhg--hgfeed--cdefe--dhgfedcdeeddhhhjghhdg----------
"mSCH126
Cantus ID:
Genre: Al | Mode:",1--de--dceghfgefdd--cd--dhjghhgjhgfedeecddghh---------
"mSCH127
Cantus ID:
Genre: Al | Mode:",1--defed--ddc--fghgfggf--fhhgffdfeddcfghgfggf---------
"mSCH128
Cantus ID:
Genre: Al | Mode:",1--defed--ddc--fghgfgh--hgjhgfeghgefdceggef-----------
"mSCH129
Cantus ID:
Genre: Al | Mode:",1--defe--dcddc--fghhgfgg--dffedcfghhgfgdffedcffd------
"mSCH129a
Cantus ID:
Genre: Al | Mode:",1--efgfe--eed--ghjhghh--eggfeedghjhghheggfeedggfhggfe-
"mSCH130
Cantus ID:
Genre: Al | Mode:",1--dedd--cfghgfedc--efee--degegghjhgfhgefdegeg--------
"mSCH130a
Cantus ID:
Genre: Al | Mode:",1--hjhg--cfghgfeddedc--defefed--degegghjhgfhgefd------
"mSCH131
Cantus ID:
Genre: Al | Mode:",1--dhhgh--gfed--fgedffdcd--dhhghefggcdffefgfefd-------
"mSCH132
Cantus ID:
Genre: Al | Mode:",1--d--cegfecd--dcfghgfg--ghghgfgfgedfdeddec-----------
"mSCH133
Cantus ID:
Genre: Al | Mode:",1--defed--dcddc--fghgfghg--hjjhdhjhghggfgfggh---------
"mSCH134
Cantus ID:
Genre: Al | Mode:",1--dc--defdeddc--fghhgghggf--eeghgfedefdce------------
"mSCH135
Cantus ID:
Genre: Al | Mode:",1--dfefdedcfghh--ghgf--ghhg--hfgfdefgfddcfggh---------
"mSCH136
Cantus ID:
Genre: Al | Mode:",1--ddc--cdefgdedcfghhg--edff--dhghjklkjhgjkjjh--------
"mSCH137
Cantus ID:
Genre: Al | Mode:",1--dc--defeddcd--fghhggf--ghhdhhggfghdcdf-------------
"mSCH138
Cantus ID:
Genre: Al | Mode:",1--dff--efgedfeed--fghhj--ghefgdfeddcdfgedfdefdc------
"mSCH139
Cantus ID:
Genre: Al | Mode:",1--defe--dcddcfghjhgf--gjj--hdhjhgfghhhgfefgg---------
"mSCH139a
Cantus ID:
Genre: Al | Mode:",1--defe--ddc--fghjhgf--ghhdhjhgfghhhggfefgfedcdd------
"mSCH140
Cantus ID:
Genre: Al | Mode:",1--dc--dfgfedfeddc--fghj--hfghgfghhjkhgjgfghjgfg------
"mSCH140a
Cantus ID:
Genre: Al | Mode:",1--gh--hjlkjhkkh--klmn--mklmlklkllmkmnmlmlklkll-------
"mSCH141
Cantus ID:
Genre: Al | Mode:",1--de--dcfghjhgfedcdef--efee--ddefghgfedcdef----------
"mSCH142
Cantus ID:
Genre: Al | Mode:",1--defed--ddc--fghjhgfghhhgeffe--ddhjhgfghhhgeffed----
"mSCH143
Cantus ID:
Genre: Al | Mode:",1--dc--f--gh--hjkhjhgfgdhgfdeddccdfffeffffhghfd-------
"mSCH143a
Cantus ID:
Genre: Al | Mode:",1--dc--dededcfghhgf--gh--hkhjhfgijhgdfedhgfdedc-------
"mSCH143b
Cantus ID:
Genre: Al | Mode:",1--d--dfefdcddc--fghgfgh--hjkhjhhfgjggdfehgfdeddc-----
"mSCH144
Cantus ID:
Genre: Al | Mode:",1--d--ff--gfhgh--hkhjkjhhghjhggffghjhhghg-------------
"mSCH145
Cantus ID:
Genre: Al | Mode:",1--ddh--hjkjhh--gh--hhgfefedecefgfedhhgkjghdh---------
"mSCH145a
Cantus ID:
Genre: Al | Mode:",1--dh--hjghjkjhh--gh--hhgfefdecefgfedhhg--------------
"mSCH146
Cantus ID:
Genre: Al | Mode:",1--d--hkhg--ghkjk--hhkhghkjkhkhghhkhghkjkhkhghh-------
"mSCH147
Cantus ID:
Genre: Al | Mode:",1--dhh--hgfghkh--hjh--hdefgfefededcdhjghefedc---------
"mSCH148
Cantus ID:
Genre: Al | Mode:",1--defe--dc--fghj--hgkhjhfgjhgefhgfdeddccdff----------
"mSCH148a
Cantus ID:
Genre: Al | Mode:",1--cdf--fdeddc--fghj--hgkjjhfgjhgefhgfdeddccd---------
"mSCH149
Cantus ID:
Genre: Al | Mode:",1--dc--dfdeddc--fgj--hgkhjhfgjhgefhgfdeddcc-----------
"mSCH149a
Cantus ID:
Genre: Al | Mode:",1--cdef--fefddc--fghj--hgkhjhfgjhgefhgfdeddccdff------
"mSCH150
Cantus ID:
Genre: Al | Mode:",1--defe--ed--ghjkjhgh--hfghjhgfggeggfeggfedefefd------
"mSCH150a
Cantus ID:
Genre: Al | Mode:",1--cf--eed--cdd--cdefedccdcdefedccddgfefed------------
"mSCH151
Cantus ID:
Genre: Al | Mode:",1--dfed--dgfgf--ggjhjkkjhjhjjhghjh--kkjhkhjkkjh-------
"mSCH152
Cantus ID:
Genre: Al | Mode:",1--ed--dfdeddd--cd--ddefggfgefdecdefddefgg------------
"mSCH153
Cantus ID:
Genre: Al | Mode:",1--e--ghkhg--ghkjk--hghhkhgghkjhkhhghh----------------
"mSCH154
Cantus ID:
Genre: Al | Mode:",1--fg--fedc--ded--efgfedfcedffegfghgffedcdefd---------
"mSCH155
Cantus ID:
Genre: Al | Mode:",1--fg--edffd--fhjghggff--fhjghggfghefdedcdfded--------
"mSCH155a
Cantus ID:
Genre: Al | Mode:",1--fg--edefd--hgfhjggf--ffhhghggfedfgffdedc-----------
"mSCH156
Cantus ID:
Genre: Al | Mode:",1--gh--hjkhg--hlklkjhgjj--hhjkllkjhjhghjkjhhgklk------
"mSCH157
Cantus ID:
Genre: Al | Mode:",1--h--g--hgfg--gjghhgfededfecdhghfggedfecd------------
"mSCH158
Cantus ID:
Genre: Al | Mode:",1--hhg--ed--fdd--cddfededcddefeedhhgeedcdeed----------
"mSCH159
Cantus ID:
Genre: Al | Mode:",1--hg--hggfe--fe--ddcfgfhghghfegdecdcdf---------------
"mSCH159a
Cantus ID:
Genre: Al | Mode:",1--dhkh--hggfe--fed--dcegehhhgffedfdceghecde----------
"mSCH160
Cantus ID:
Genre: Al | Mode:",1--hg--hgfed--ef--dhhghgfgfghhdfefggfghhgfedffd-------
"mSCH161
Cantus ID:
Genre: Al | Mode:",1--hhg--fhggfede--dcdef--dfghhgefggdefdhhghgfg--------
"mSCH162
Cantus ID:
Genre: Al | Mode:",1--hhgh--fedfgffded--cddfefdedcddfghgfgdfghgfgd-------
"mSCH163
Cantus ID:
Genre: Al | Mode:",1--hhg--gfedefge--hgfededc--defddhjhgefdefgedh--------
"mSCH164
Cantus ID:
Genre: Al | Mode:",1--cd--de--efeed--ddefgegffdedcdeefgegffdedc----------
"mSCH165
Cantus ID:
Genre: Al | Mode:",1--cd--dfdeeecd--dgefdeegghghgfgfdeeedgfddc-----------
"mSCH166
Cantus ID:
Genre: Al | Mode:",1--cd--dfdfedfdc--degghgeedeeeghgeedfef---------------
"mSCH167
Cantus ID:
Genre: Al | Mode:",1--c--dedefedefeddc--de--eegghgfdeeefgfeddccdef-------
"mSCH167a
Cantus ID:
Genre: Al | Mode:",1--c--dfdfefgfddc--deff--eeghgfedeeeghgfedee----------
"mSCH168
Cantus ID:
Genre: Al | Mode:",1--cd--d--dceedfgf--egefddcecdffdegefddce-------------
"mSCH169
Cantus ID:
Genre: Al | Mode:",1--def--ffecgfe--deeeghhgkjghhgfeeefgfedfc------------
"mSCH170
Cantus ID:
Genre: Al | Mode:",1--ce--efgefed--ce--eefgefedceegggfeddcdefgfeddc------
"mSCH171
Cantus ID:
Genre: Al | Mode:",1--cde--e--efgfedffe--dfhgfgfeefghgfdee---------------
"mSCH172
Cantus ID:
Genre: Al | Mode:",1--cdf--efgfedc--de--eefggfefedcdeeedgefedcdee--------
"mSCH173
Cantus ID:
Genre: Al | Mode:",1--cde--efedgffe--de--egfghgfgfedeecedfeddc-----------
"mSCH174
Cantus ID:
Genre: Al | Mode:",1--c--dedefgefddc--de--ecdfdefgefddcegecdfde----------
"mSCH175
Cantus ID:
Genre: Al | Mode:",1--c--d--edhjh--hhhhgefdcggggfddcfghjhhhhgefd---------
"mSCH176
Cantus ID:
Genre: Al | Mode:",1--cde--eddc--fghjgheffeddghgfdeddccdfhggfe-----------
"mSCH177
Cantus ID:
Genre: Al | Mode:",1--cded--efededc--fghjh--ghfggfeefghgfdedcghjk--------
"mSCH177a
Cantus ID:
Genre: Al | Mode:",1--cded--fededccdefedghjkjhhgfedc--efgh--hhggfe-------
"mSCH177b
Cantus ID:
Genre: Al | Mode:",1--ghjh--jkjhjhg--klmn--lmlklkjjklmlkjhjhglmnoonmno---
"mSCH178
Cantus ID:
Genre: Al | Mode:",1--cdf--ef--ghgefgh--hkhggfghghgffdghgfgfgffe---------
"mSCH178a
Cantus ID:
Genre: Al | Mode:",1--dff--ef--ghgf--fghhkhggfghghgffdghgegfgffe---------
"mSCH179
Cantus ID:
Genre: Al | Mode:",1--cde--eeghkhghfdegfghfghg--fe--ehhghgfgd------------
"mSCH180
Cantus ID:
Genre: Al | Mode:",1--ded--cfff--dedc--ccdcdfgfhhgfedeecdcdfgfh----------
"mSCH181
Cantus ID:
Genre: Al | Mode:",1--defd--cdegedfdec--defe--egedfdecdfdeefged----------
"mSCH181a
Cantus ID:
Genre: Al | Mode:",1--cd--dffe--de--egfdfdecdcdffegfdfdecdcdffe----------
"mSCH182
Cantus ID:
Genre: Al | Mode:",1--d--dfgfefd--fgh--ijhghdffeeghgfghghfgge------------
"mSCH183
Cantus ID:
Genre: Al | Mode:",1--dg--ghjhgfghgeffedcffeh--ghgfhgg--ecdfdfe----------
"mSCH184
Cantus ID:
Genre: Al | Mode:",1--dfddd--cf--gh--hjkhghgfggeeghghjhghdefgfhghffe-----
"mSCH184a
Cantus ID:
Genre: Al | Mode:",1--dfddc--f--gh--hjkjhghgfgfegghghjhghdefgfghg--------
"mSCH185
Cantus ID:
Genre: Al | Mode:",1--d--fhgfgfeffe--ghjk--jhkjhkkjghjhhgghkkjghh--------
"mSCH185a
Cantus ID:
Genre: Al | Mode:",1--h--klkkjhjh--klmn--mlnmlnnmklmllkklmnmkll----------
"mSCH186
Cantus ID:
Genre: Al | Mode:",1--def--ef--ghgefgh--hkhghdffghfgdffghgfhge-----------
"mSCH187
Cantus ID:
Genre: Al | Mode:",1--df--efgefgfed--fghgghkg--hghgefghgefgfedddfgffe----
"mSCH188
Cantus ID:
Genre: Al | Mode:",1--ed--dedc--de--edcdeeehhhjhghgfgggfeehhhjh----------
"mSCH189
Cantus ID:
Genre: Al | Mode:",1--ed--dedcdcdd--ce--eedecdcdefeedfgfhfegfe-----------
"mSCH190
Cantus ID:
Genre: Al | Mode:",1--e--gg--hg--ghegfdeeghjhjkjhhgggeghjhjkjhhggge------
"mSCH191
Cantus ID:
Genre: Al | Mode:",1--ed--ghhhggfe--dff--efedeeegfedeeeghjhkkj-----------
"mSCH192
Cantus ID:
Genre: Al | Mode:",1--ed--degh--gfghgfgf--eedghkkjghgefedegh-------------
"mSCH193
Cantus ID:
Genre: Al | Mode:",1--e--edg--hjhhg--ghgkjhjjghgkjhjjjlllkjhlllkhgj------
"mSCH194
Cantus ID:
Genre: Al | Mode:",1--eged--ghg--hjhh--gjkjhjljlkhhggjkjhjljlkhhg--------
"mSCH195
Cantus ID:
Genre: Al | Mode:",1--egee--ghg--fghjhgfgg--fghffedceefghgfgffgh---------
"mSCH196
Cantus ID:
Genre: Al | Mode:",1--e--eggghjhgh--ghjghj--jkjhhgjhjlklkjjh-------------
"mSCH197
Cantus ID:
Genre: Al | Mode:",1--efgd--g--hk--kjklklkjjklklkjhgghjkhgeefgge---------
"mSCH198
Cantus ID:
Genre: Al | Mode:",1--eef--dg--gjghjk--jkhjggeggfgkjhfefgffe-------------
"mSCH199
Cantus ID:
Genre: Al | Mode:",1--edg--hkggffdedc--cd--cdfdfghhgghjhghffde-----------
"mSCH200
Cantus ID:
Genre: Al | Mode:",1--e--fdfghffe--fdghjhjkk--ghjkjhjhgefghhk------------
"mSCH200a
Cantus ID:
Genre: Al | Mode:",1--ef--dfhffe--fdghj--ghjkjhjhgefhgkkkjhghf-----------
"mSCH201
Cantus ID:
Genre: Al | Mode:",1--e--edghffe--edghjhghk--jkjghgfhhkkkkkkgfghghgge----
"mSCH202
Cantus ID:
Genre: Al | Mode:",1--e--fdghffe--fdghjhghj--jkjghgfghhgkkkkkhh----------
"mSCH203
Cantus ID:
Genre: Al | Mode:",1--ef--dg--gjghjkklj--ghjkhkhjgghjkhkhjgge------------
"mSCH204
Cantus ID:
Genre: Al | Mode:",1--f--ededc--d--edfdedceedfhgfeeghgfde----------------
"mSCH205
Cantus ID:
Genre: Al | Mode:",1--fd--efg--hgh--hjhggfhjhggeghgfefgffe---------------
"mSCH206
Cantus ID:
Genre: Al | Mode:",1--f--fgh--ghkhgk--kkhkjkkghgfkhjghghffeefg-----------
"mSCH207
Cantus ID:
Genre: Al | Mode:",1--ff--dg--gjghjkkl--kjklkjhgkkjhlkjhkhkjhjg----------
"mSCH208
Cantus ID:
Genre: Al | Mode:",1--gfg--fe--fg--ghfgjghhhgehfgffe---------------------
"mSCH208a
Cantus ID:
Genre: Al | Mode:",1--hgj--hg--hj--jkhjljlkkjgkhjhhg---------------------
"mSCH209
Cantus ID:
Genre: Al | Mode:",1--g--ffddc--dfde--eefgfgededcedefgfgeded-------------
"mSCH210
Cantus ID:
Genre: Al | Mode:",1--g--g--hjhghjk--jklkjklkjhjhhgghjklkjklkjhj---------
"mSCH211
Cantus ID:
Genre: Al | Mode:",1--g--ghk--hjkhgk--kkkghgfkhjghghffeefghghfefgffe-----
"mSCH211a
Cantus ID:
Genre: Al | Mode:",1--dc--fgh--ghjhgj--jkkghgfkhjghghffeefghghfefgffe----
"mSCH211b
Cantus ID:
Genre: Al | Mode:",1--e--ghj--hjkjhj--jkhkjkkghgfkhjghghffeefg-----------
"mSCH212
Cantus ID:
Genre: Al | Mode:",1--hgf--f--gh--hhkjghgfgghkjghgfgghdefghgeefgge-------
"mSCH213
Cantus ID:
Genre: Al | Mode:",1--hk--khkkhjg--hkjhjgefeed--dhkjhjgefeedhjgef--------
"mSCH214
Cantus ID:
Genre: Al | Mode:",1--hg--gkkh--gllklgllklm--kllmnomoponlkmnon-----------
"mSCH215
Cantus ID:
Genre: Al | Mode:",1--cde--edc--de--efghgfdeeeedcegecfeedcceg------------
"mSCH216
Cantus ID:
Genre: Al | Mode:",1--cdf--ffgfedhgf--gf--fghfgfecdfgfhgffhkjhgfggf------
"mSCH217
Cantus ID:
Genre: Al | Mode:",1--c--ffghf--g--hjghfghhjghfghhjghgddcgfghgf----------
"mSCH218
Cantus ID:
Genre: Al | Mode:",1i-cffg--gf--fgjhjgf--gfjfgjhjgfjfghggf--------------
"mSCH219
Cantus ID:
Genre: Al | Mode:",1--cd--efgg--hgkjhgefg--gdefgghgkjhgefgggkkkjhg-------
"mSCH220
Cantus ID:
Genre: Al | Mode:",1--def--dfc--fgfgh--hhgfdeddcfgfghgggf----------------
"mSCH220a
Cantus ID:
Genre: Al | Mode:",1--hkk--hjg--klkm--mnlkkkhhghkllkmlkkjh---------------
"mSCH220b
Cantus ID:
Genre: Al | Mode:",1--gkk--hgk--lkm--mklkhgkkjlkmllk---------------------
"mSCH221
Cantus ID:
Genre: Al | Mode:",1--dhhg--hgfddcggg--fghgh--ffghjhghgfghgffgh----------
"mSCH222
Cantus ID:
Genre: Al | Mode:",1--dc--ff--fgfjh--ghhfgfjgfhhfdfegfdcddc--------------
"mSCH223
Cantus ID:
Genre: Al | Mode:",1--d--dffghggf--fghhgj--hgjhgjjhfhgffdffdfghf---------
"mSCH224
Cantus ID:
Genre: Al | Mode:",1--defe--defedcddc--fghgfgij--jhjkjkjhhjkjkjhggf------
"mSCH224a
Cantus ID:
Genre: Al | Mode:",1--df--ddcf--gh--hjkhkjhhjkhkjhgfghghjjhhjkjhjg-------
"mSCH224b
Cantus ID:
Genre: Al | Mode:",1--hjkj--hg--klmlklm--mmnononmmnononmlklmlmnnm--------
"mSCH224c
Cantus ID:
Genre: Al | Mode:",1--hjkj--hjkjhg--klmlkln--mnononmmnononmlkklmnlm------
"mSCH225
Cantus ID:
Genre: Al | Mode:",1--f--g--hkkk--kjkhgfghghghklkkhkkhgkhgf--------------
"mSCH226
Cantus ID:
Genre: Al | Mode:",1--fg--h--kkl--khklkkhfhhgkkkkkhgfghggf---------------
"mSCH227
Cantus ID:
Genre: Al | Mode:",1--fhk--kh--hklk--lklkhhfhjhgklkkhfhghggf-------------
"mSCH228
Cantus ID:
Genre: Al | Mode:",1--f--fhkkjkjh--hkkkjhjkl--jlkjhkjkhlklkmlmlk---------
"mSCH229
Cantus ID:
Genre: Al | Mode:",1--hhj--ijhgk--klklnmlm--kklnmlnkiklkkjkklmllk--------
"mSCH230
Cantus ID:
Genre: Al | Mode:",1--k--kl--ml--khhgkklmnllklmllkhhgklmnllklmllk--------
"mSCH231
Cantus ID:
Genre: Al | Mode:",1--cd--efghhg--fg--ggkkjhklkjhgefghhggkkjhghhg--------
"mSCH232
Cantus ID:
Genre: Al | Mode:",1--cd--efghhg--fg--ggfeedcdcdfefghgfghgfedhh----------
"mSCH232a
Cantus ID:
Genre: Al | Mode:",1--gh--ghgf--hkkjhg--fgggfedcdedefgghkhgfgg-----------
"mSCH233
Cantus ID:
Genre: Al | Mode:",1--cd--efghhg--fg--gghgfdeddccdefghjhhg---------------
"mSCH234
Cantus ID:
Genre: Al | Mode:",1--cdf--efedghhg--fg--gghgkhgjhhgghgkhgjhhg-----------
"mSCH235
Cantus ID:
Genre: Al | Mode:",1--cd--efgg--hgkjhh--gefgefghjhghjhgfggkkkkjhg--------
"mSCH235a
Cantus ID:
Genre: Al | Mode:",1--cd--efgg--hgkjhh--ghjhghjgefgefghjhghjhgfgg--------
"mSCH236
Cantus ID:
Genre: Al | Mode:",1--cdc--ffgffgjhfgjhfgfgkgjhgkjjghfgcefghhg--fg--g----
"mSCH237
Cantus ID:
Genre: Al | Mode:",1--d--g--hh--gdfdefgghghkjlkjhgjhgfghfefd-------------
"mSCH238
Cantus ID:
Genre: Al | Mode:",1--d--dgfhhgg--fg--gkjghhgjhhgkjghhgjhhgggf-----------
"mSCH238a
Cantus ID:
Genre: Al | Mode:",1--gh--jkjk--llk--fgglkjkkhjhhglkjkkhjhhgllk----------
"mSCH239
Cantus ID:
Genre: Al | Mode:",1--dc--dgfg--hjhfg--gkhklmjgkjhhgkhklmjg--------------
"mSCH240
Cantus ID:
Genre: Al | Mode:",1--dfee--efgfgh--ijhggfghg--hgkjhklkjhggkhghgfhhg-----
"mSCH241
Cantus ID:
Genre: Al | Mode:",1--d--g--hj--jkjhghjhgdghjjkjhghjhhggklmm-------------
"mSCH241a
Cantus ID:
Genre: Al | Mode:",1--g--g--hj--jkjhhghjhhgdghjkjhhghjhhggklmnlm---------
"mSCH242
Cantus ID:
Genre: Al | Mode:",1--d--gg--ghgkj--hhgkhkjghgfhgkjhhgkkhkjghgf----------
"mSCH242a
Cantus ID:
Genre: Al | Mode:",1--h--kk--klknmlm--knlnmiklkjllknmlmllk---------------
"mSCH242b
Cantus ID:
Genre: Al | Mode:",1--e--gg--ghgkjhhg--gkhkjghgfhgkjhhgkhkj--------------
"mSCH243
Cantus ID:
Genre: Al | Mode:",1--d--efghg--fgggkkjh--ggdfefgggkkkjhghjgegf----------
"mSCH244
Cantus ID:
Genre: Al | Mode:",1--d--gg--ghgkjhjhgfgh--hggklmmmllkjlkjhghjg----------
"mSCH244a
Cantus ID:
Genre: Al | Mode:",1--gghg--ghkjhjhgf--gf--ghjhjhggklmmllkllkjjhlmlkj----
"mSCH245
Cantus ID:
Genre: Al | Mode:",1--efg--gh--gg--efgdghhghkkghjhhgghefggdffd-----------
"mSCH246
Cantus ID:
Genre: Al | Mode:",1--efgh--g--egfee--dghjhhfghgghjkhgfghedcgfg----------
"mSCH247
Cantus ID:
Genre: Al | Mode:",1--efgh--gefdcg--hhg--gfhkhglkhgfggefghhjgh-----------
"mSCH248
Cantus ID:
Genre: Al | Mode:",1--efgh--gegfedg--hg--gdefgdefghgkhgjhgfgghg----------
"mSCH249
Cantus ID:
Genre: Al | Mode:",1--efg--gfefdghgg--fg--gghghfghhghklkjghfgdfefgg------
"mSCH250
Cantus ID:
Genre: Al | Mode:",1--eg--gh--hjhh--ghjkljlkjhjhghhjkljlkjhjhghjh--------
"mSCH251
Cantus ID:
Genre: Al | Mode:",1--e--edg--hj--jhghkjhghkjhjjjklkjjklkjjhhghjj--------
"mSCH251
Cantus ID:
Genre: Al | Mode:",1--e--edghjjkhhg--hj--jgghghkjhghgkjhjjjkllkj---------
"mSCH252
Cantus ID:
Genre: Al | Mode:",1--eg--eedg--hg--hjgjkjhjhghgjljljlkjhghjhhg----------
"mSCH253
Cantus ID:
Genre: Al | Mode:",1--e--gghjgghg--gghghj--gghgkhhggghghkhhgegeg---------
"mSCH254
Cantus ID:
Genre: Al | Mode:",1--e--gghjgggghg--gghjh--gghgkhjhhg-------------------
"mSCH254a
Cantus ID:
Genre: Al | Mode:",1--ghh--kklmkkklk--kklm--kklknlmllk-------------------
"mSCH255
Cantus ID:
Genre: Al | Mode:",1--efed--dghfge--edghj--jklkjjhghjjhghgjjklkj---------
"mSCH256
Cantus ID:
Genre: Al | Mode:",1--e--gg--ghk--klkjhkhhghjkjhjhhg---------------------
"mSCH257
Cantus ID:
Genre: Al | Mode:",1--efggf--fhkk--hgfhhg--gghjkhghfefgfddcggfhhg--------
"mSCH258
Cantus ID:
Genre: Al | Mode:",1--e--edghjkhhg--hj--jgghghkjhghgkjhjhghkhjjjhg-------
"mSCH259
Cantus ID:
Genre: Al | Mode:",1--e--gg--ghgkjhjhghgf--glmkjljggjlkhjggh-------------
"mSCH260
Cantus ID:
Genre: Al | Mode:",1--ed--gghjghfg--hgkjjhh--ghgfhkhjjghhgeghjgg---------
"mSCH261
Cantus ID:
Genre: Al | Mode:",1--ed--ghfe--gfedghjkj--gjklkjhjghjjjklkjhjghjjkhg----
"mSCH262
Cantus ID:
Genre: Al | Mode:",1--fg--gfedfefg--gkjhghjhgfg--ggefdfhfgggkjhghjhg-----
"mSCH263
Cantus ID:
Genre: Al | Mode:",1--fg--g--hg--ggghgjhhggjkllkjghjkhgfgglmll-----------
"mSCH263a
Cantus ID:
Genre: Al | Mode:",1--fg--ghkhkkklkjg--hjhh--gghgjgjhggjkll--------------
"mSCH264
Cantus ID:
Genre: Al | Mode:",1--fg--g--fghhg--gkhkjhgfghghjgkhkjhgfghghjkjhg-------
"mSCH265
Cantus ID:
Genre: Al | Mode:",1--fg--ghhg--fg--gkjhgfggkjhgfgglklhgfgglllkjhg-------
"mSCH266
Cantus ID:
Genre: Al | Mode:",1--fg--ghghg--fg--gghgfhkjhghjhhgghgfhkjhklkkjhg------
"mSCH267
Cantus ID:
Genre: Al | Mode:",1--f--ghgf--hjkjh--gkkljkhjkhggkjkhggklmlmklmlj-------
"mSCH267a
Cantus ID:
Genre: Al | Mode:",1--hg--ghgf--hjkjghh--ggkkljkhjkhggkjkhghkk-----------
"mSCH268
Cantus ID:
Genre: Al | Mode:",1--fg--g--ghkhgffg--gghkhhgfggdfghijhjhg--------------
"mSCH269
Cantus ID:
Genre: Al | Mode:",1--fg--ghkjghgg--fg--gglmlklkjhklghkjhjghhg-----------
"mSCH270
Cantus ID:
Genre: Al | Mode:",1--fg--ghgf--ghjkjhh--ggklmmmmlkjhklkhjhhggkjh--------
"mSCH270a
Cantus ID:
Genre: Al | Mode:",1--cd-dedc--efgfee--dcfghhhhgfedfgfdedcdedc-----------
"mSCH271
Cantus ID:
Genre: Al | Mode:",1--fghg--hghkj--hkkkj--klkhhgjkghgfhjkkjgjhjhhg-------
"mSCH272
Cantus ID:
Genre: Al | Mode:",1--fg--ghghgf--hgkjhh--gkljkhjkhggjklmlkkjhghjhhg-----
"mSCH272a
Cantus ID:
Genre: Al | Mode:",1--fg--g--hghgfhh--ghkljkhjkhghkjkllkhghjhhg----------
"mSCH273
Cantus ID:
Genre: Al | Mode:",1--fg--ghghhgf--hjkjhk--ggklmlklkjkhgfggklml----------
"mSCH273a
Cantus ID:
Genre: Al | Mode:",1--fg--ghjkjhjhgf--ghg--gdghjkjklkjkhgfgdghjkj--------
"mSCH274
Cantus ID:
Genre: Al | Mode:",1--f--ghfghhg--fhkjhjj--gklmlkllghggfhhgkljkhg--------
"mSCH275
Cantus ID:
Genre: Al | Mode:",1--fg--ghfghjkjhghgg--fg--gkjhlkjhgfggkjhlkjhgfghhg---
"mSCH276
Cantus ID:
Genre: Al | Mode:",1--fg--ghghgfhjkkkjhg--hj--gghkkllmlklkjhkkkjhghhg----
"mSCH277
Cantus ID:
Genre: Al | Mode:",1--f--g--hkkk--klkkhgjhkljhghjhhg---------------------
"mSCH278
Cantus ID:
Genre: Al | Mode:",1--fg--ghkjllkhggg--fg--gglkllnmlkllglkllnmlkll-------
"mSCH279
Cantus ID:
Genre: Al | Mode:",1--fg--ghhg--fhkjhkl--llghjhghhfgkjhlmkkkjhghjgh------
"mSCH280
Cantus ID:
Genre: Al | Mode:",1--fhk--kkjhghhg--ghjkl--jjklmlkjkhgjjghjlkjhg--------
"mSCH281
Cantus ID:
Genre: Al | Mode:",1--fg--ghjkghggf--fhkklk--kkkjghjkjhgfjhhg------------
"mSCH282
Cantus ID:
Genre: Al | Mode:",1--fg--ghkghgfggf--ghgkkl--kkkjghggfhkhhg-------------
"mSCH283
Cantus ID:
Genre: Al | Mode:",1--fg--ghkhjklkkhhg--hjhh--ggklmlkjghfggklm-----------
"mSCH284
Cantus ID:
Genre: Al | Mode:",1--fg--ghfggghkjklllkjhgg--fg--ggefdfhfggghkk---------
"mSCH285
Cantus ID:
Genre: Al | Mode:",1--fg--ghgk--klmlk--lklkkhkjghgfhjkkhhg---------------
"mSCH286
Cantus ID:
Genre: Al | Mode:",1--ggf--ef--gf--ddcggfhhgkjhgfggkjhghfedggfhhg--------
"mSCH287
Cantus ID:
Genre: Al | Mode:",1--g--g--ggfefee--ddefghggfghgkjkhjhhg----------------
"mSCH288
Cantus ID:
Genre: Al | Mode:",1--g--g--ggedgh--gdedeceghgjhgjhgfghkhk---------------
"mSCH289
Cantus ID:
Genre: Al | Mode:",1--gf--efg--hhg--gghjkjhghhgghjklkjjhggjgh------------
"mSCH289a
Cantus ID:
Genre: Al | Mode:",1--g--efg--hhgggjhhhgfgggfeedcddccefghefghjhhg--------
"mSCH290
Cantus ID:
Genre: Al | Mode:",1--g--gefgghhg--fg--ghkklkjhgfgghhghgffedc------------
"mSCH291
Cantus ID:
Genre: Al | Mode:",1--ggf--defghg--fg--gghgfgfedhhkjhghfhjhgge-----------
"mSCH292
Cantus ID: 008415
Genre: Al | Mode: ?",1--gge--cdefghg--fg--gghgfdeddccdefghjhhg-------------
"mSCH292a
Cantus ID:
Genre: Al | Mode:",1--cd--efghg--fg--gghgfdedeccdefghijhhg---------------
"mSCH293
Cantus ID:
Genre: Al | Mode:",1--g--gffddefghhg--fg--gkkjhgffdfghhggjkllklml--------
"mSCH294
Cantus ID:
Genre: Al | Mode:",1--ghggf--efdefgg--fghhg--gghgffdhhkjhghfhjhg---------
"mSCH295
Cantus ID:
Genre: Al | Mode:",1--gf--efg--ghkhghk--jklkkhjghkjhjhghkhkhhg-----------
"mSCH296
Cantus ID:
Genre: Al | Mode:",1--g--hjgefgedg--hg--ghjhhgghjhghghhjgefgedgghjhgh----
"mSCH297
Cantus ID:
Genre: Al | Mode:",1--g--g--hg--gfhkklghgfgglmlklkhkllghgh---------------
"mSCH298
Cantus ID:
Genre: Al | Mode:",1--g--gh--hh--ghkkkjhghjgefdggghkkkkjhghjgefdggg------
"mSCH299
Cantus ID:
Genre: Al | Mode:",1--gh--hgg--fg--ghjkjhjkljjhgghjhjhggjkllllkjjhg------
"mSCH300
Cantus ID:
Genre: Al | Mode:",1--gh--h--fg--ghfggfhkkjgghgfggfhkkjgghgfgg-----------
"mSCH301
Cantus ID:
Genre: Al | Mode:",1--g--g--hj--jhjklkjgjlkkkhjhgfedhhhgfkkkjhgf---------
"mSCH302
Cantus ID:
Genre: Al | Mode:",1--g--ghh--hjj--ggghghghkkjggghghkkjgjlkjhghg---------
"mSCH302a
Cantus ID:
Genre: Al | Mode:",1--k--kl--m--klklklnmkkklklklnmkkonmlklklnmlkllk------
"mSCH303
Cantus ID:
Genre: Al | Mode:",1--g--g--hjhghj--jklkjklkjhjhgghjhjklkjklkjhjhg-------
"mSCH304
Cantus ID:
Genre: Al | Mode:",1--g--ghj--kj--hjljkjhklmnlmjkjhghjkhjgkkjhjhg--------
"mSCH305
Cantus ID:
Genre: Al | Mode:",1--gh--g--gkjkh--ggkkllklmlklmjjklkjhghjhg------------
"mSCH306
Cantus ID:
Genre: Al | Mode:",1--ghg--g--gjkjhh--ggkjhllkhkjkhgkjhllkhkjhgfg--------
"mSCH307
Cantus ID:
Genre: Al | Mode:",1--g--ghggfg--ghk--kkkhkklkjhhghjghggfgghg------------
"mSCH308
Cantus ID:
Genre: Al | Mode:",1--g--ghggf--hkjhh--gkhkjkhgfghjhhgkhjkhgfg-----------
"mSCH309
Cantus ID:
Genre: Al | Mode:",1--gh--g--gkjkhhg--ggjkllklmlklmjjklkjhghjhhg---------
"mSCH310
Cantus ID:
Genre: Al | Mode:",1--gf--hkjhjhg--fg--gjhglkjkhghjhgfghjhjghhg----------
"mSCH311
Cantus ID:
Genre: Al | Mode:",1--ghj--jhkkkjhg--fg--gjkllkmlkkkjhjjhghjkjhjhg-------
"mSCH312
Cantus ID:
Genre: Al | Mode:",1--gh--hkhjgf--gh--hhgkmlmklnmmljklllkhghjkll---------
"mSCH312a
Cantus ID:
Genre: Al | Mode:",1--j--jljkhg--hj--hgkmklmklnmmljklllllkhghjkll--------
"mSCH313
Cantus ID:
Genre: Al | Mode:",1--g--gkkkkkj--hjkjhhg--ghjkjhhghjhhjkjhghjhhg--------
"mSCH314
Cantus ID:
Genre: Al | Mode:",1--g--g--ghjkhjhghjj--gglmnmlkmlmnljklmlmk------------
"mSCH315
Cantus ID:
Genre: Al | Mode:",1--gh--gfghjkjhg--hh--gglnmlkmmllmnononlmnmkll--------
"mSCH316
Cantus ID:
Genre: Al | Mode:",1--gh--gfhkkjhg--fg--gklkhkjhgfgghghgfhjk-------------
"mSCH317
Cantus ID:
Genre: Al | Mode:",1--gh--hgfhjkhg--fg--gkjhkllmlklnonmlmnllkl-----------
"mSCH318
Cantus ID:
Genre: Al | Mode:",1--gh--gfhkkjhg--hjh--gkjhghjhgefdefghhgghjj----------
"mSCH319
Cantus ID:
Genre: Al | Mode:",1--g--hfg--hgkjkhgg--fgggkljkhjkhjkhggkljkh-----------
"mSCH320
Cantus ID:
Genre: Al | Mode:",1--ghg--fhjkjhghgg--fg--gglkllkjhhgfggghfed-----------
"mSCH321
Cantus ID:
Genre: Al | Mode:",1--gh--hghjkjkhhg--hj--gghkjhkjgjhhgghkjhkjgjhhg------
"mSCH322
Cantus ID:
Genre: Al | Mode:",1--gfh--hgkhjhg--hj--ghjjhjkkjlkjhghjjeghjj-----------
"mSCH323
Cantus ID:
Genre: Al | Mode:",1--ghgg--fgg--ghjkjhjkjj--ggjklkjhgghjhghgefgg--------
"mSCH324
Cantus ID:
Genre: Al | Mode:",1--gh--hhgfhhg--ghjkjhhg--gfhfgegffdfghghkg-----------
"mSCH325
Cantus ID:
Genre: Al | Mode:",1--ghj--jhjkkkjhghhg--gghj--jkjkhjhgghghjkkkjhjhhg----
"mSCH326
Cantus ID:
Genre: Al | Mode:",1--ghfg--g--ghkjkhkjhgfg--ghkjkhghefgghkjkhghe--------
"mSCH327
Cantus ID:
Genre: Al | Mode:",1--ghjk--jhghgfghjhghg--fg--gghjkkjhghgfghjhhgghjk----
"mSCH327a
Cantus ID:
Genre: Al | Mode:",1--ghjk--jhghgfghg--fg--gghjkjhghgfghgghjkjhghgf------
"mSCH328
Cantus ID:
Genre: Al | Mode:",1--g--ghfgg--fhkjhkjhgfhjhhg--gghjklmlklkjhklkjhg-----
"mSCH329
Cantus ID:
Genre: Al | Mode:",1--gh--hgfghhg--fhkkjghe--fggghefggdggfedghfg---------
"mSCH330
Cantus ID:
Genre: Al | Mode:",1--g--ghjkkjjkhjhhg--hgkjhjjhg--gghjkhjkhgjhhg--------
"mSCH331
Cantus ID:
Genre: Al | Mode:",1--g--gjkjhghjhgfg--hgkjhjhg--ggfggghjhhghgkj---------
"mSCH332
Cantus ID:
Genre: Al | Mode:",1--gfhjhhg--gkkkjhghjhhg--gfhjhh--ghjkhjkjhghjhhg-----
"mSCH333
Cantus ID:
Genre: Al | Mode:",1--g--gjkjhghjgfeg--gjkjhghjhkjhjjhg--gfgghjhhg-------
"mSCH334
Cantus ID:
Genre: Al | Mode:",1--g--gkj--kl--lmmlkhjhklljmlkhjhghjhhg---------------
"mSCH335
Cantus ID:
Genre: Al | Mode:",1--g--gkj--kl--lklmlmlklmnmnmlklmlmlklmnmnml----------
"mSCH335a
Cantus ID:
Genre: Al | Mode:",1--ghjkj--hg--klmnmlkkl--lklmlmklmnmlklmlmklmnml------
"mSCH336
Cantus ID:
Genre: Al | Mode:",1--g--gkj--kl--lkkljlmlnmmlkkjhklkkjhgkjklkj----------
"mSCH337
Cantus ID:
Genre: Al | Mode:",1--g--gkj--kl--lkkljlmkmlmnljjhjklkkgkkhkj------------
"mSCH338
Cantus ID:
Genre: Al | Mode:",1--g--gkj--kl--lmklhkjhklkhgklmklhkjhklkhg------------
"mSCH339
Cantus ID:
Genre: Al | Mode:",1--g--gkj--kl--llnmonlnmklllnmonlnmkll----------------
"mSCH340
Cantus ID:
Genre: Al | Mode:",1--g--gkj--klkl--llknmlnlkjkklgllkhgjklkkl------------
"mSCH341
Cantus ID:
Genre: Al | Mode:",1--g--gkkj--klk--llmlmlklkjhllmlmlklkjhllmlk----------
"mSCH342
Cantus ID:
Genre: Al | Mode:",1--g--g--ghkjkl--lkllknonnmklmmnmmklmllmlkj-----------
"mSCH343
Cantus ID:
Genre: Al | Mode:",1--g--g--gkhl--kllmonljklkhhglkmjlkhghjhhg------------
"mSCH344
Cantus ID:
Genre: Al | Mode:",1--g--g--hgjkl--ljkjkhhghjjghjkllkkjhjkkkmnllk--------
"mSCH344a
Cantus ID:
Genre: Al | Mode:",1--fd--f--gfhjk--khjhjggfghhfghjkkjggfghhgkljjh-------
"mSCH344b
Cantus ID:
Genre: Al | Mode:",1--ed--fdg--hgjkl--ljkjkhhghjjghjkllkhhghjjhl---------
"mSCH345
Cantus ID:
Genre: Al | Mode:",1--g--g--ghkhlkl--llglmlklknmkklglmlklknmkkl----------
"mSCH346
Cantus ID:
Genre: Al | Mode:",1--gf--g--ghkhl--klljlmlmlmlklkhhglmlmlmlj------------
"mSCH347
Cantus ID:
Genre: Al | Mode:",1--g--g--ghjkjh--klkghgfgghggfhkhjgghggfhkhjjg--------
"mSCH347a
Cantus ID:
Genre: Al | Mode:",1--g--ghk--kjjh--klkghggfgghggfhhkhijgghggfghijhhg----
"mSCH348
Cantus ID:
Genre: Al | Mode:",1--gh--g--gkjklkjhh--ggklmmmlkjlkjhghkhjhhggk---------
"mSCH348a
Cantus ID:
Genre: Al | Mode:",1--gh--g--gkjhjhh--gklmmjklkjhghjkhjhggklmmj----------
"mSCH349
Cantus ID:
Genre: Al | Mode:",1--g--hfgh--ghkjkl--kjkhghgfhkhjhhg-------------------
"mSCH350
Cantus ID:
Genre: Al | Mode:",1--gh--gf--fhkjhkl--lkmlkmlkkkjghjhgfffhk-------------
"mSCH350a
Cantus ID:
Genre: Al | Mode:",1--de--d--cegegh--hjhggfdefeddcceghgjhgjhggfd---------
"mSCH351
Cantus ID:
Genre: Al | Mode:",1--g--g--ghfhkjhkl--llghjkjhgfhjhgdfghh---------------
"mSCH351a
Cantus ID:
Genre: Al | Mode:",1--d--d--decegfegh--hhhddcefgedcefedefefd-------------
"mSCH352
Cantus ID:
Genre: Al | Mode:",1--g--g--ghfhkjhkl--llgggfhjkhgfhjhghjhjghhg----------
"mSCH353
Cantus ID:
Genre: Al | Mode:",1--gh--g--ghkjklkl--lglmlklkhjhglghghfhkhjhhg---------
"mSCH354
Cantus ID:
Genre: Al | Mode:",1--gh--g--fhkjklkl--llglkllnmkllkllkjhglkll-----------
"mSCH355
Cantus ID:
Genre: Al | Mode:",1--g--ghjkh--kljkjhh--ghjhhghfghjhhggjhhg-------------
"mSCH355a
Cantus ID:
Genre: Al | Mode:",1--e--gh--gjklkkj--gkjkhghfghghkkkjhghjhhg------------
"mSCH356
Cantus ID:
Genre: Al | Mode:",1--gh--hgfg--hkljkhhg--ghgfghkkljkhgfghkhjhhg---------
"mSCH357
Cantus ID:
Genre: Al | Mode:",1--g--hg--ghgklkhjhhg--gfghjkgfghjkghghgffhk----------
"mSCH357a
Cantus ID:
Genre: Al | Mode:",1--g--g--ghklkjhjhg--gfghkkgfghkkghgfhkl--------------
"mSCH358
Cantus ID:
Genre: Al | Mode:",1--g--ghjh--ghjklkk--ghghkjhghghjhhg------------------
"mSCH359
Cantus ID:
Genre: Al | Mode:",1--gk--kkkhg--gljlkkl--lkmjklkjgkkjlkhkhhg------------
"mSCH360
Cantus ID:
Genre: Al | Mode:",1--g--gjlk--jklkjl--lklklnnlklkkkghkkjkmlkh-----------
"mSCH361
Cantus ID:
Genre: Al | Mode:",1--gh--ghjklkhghg--fg--ghhgfhjkjghfgefedghjkjhg-------
"mSCH362
Cantus ID:
Genre: Al | Mode:",1--g--g--jghkklkjlklk--lkjkjghghkkkhjhkjlj------------
"mSCH363
Cantus ID:
Genre: Al | Mode:",1--gh--kjkklklhhg--hj--ggkjhllkjhghgfgdghgfgghg-------
"mSCH364
Cantus ID:
Genre: Al | Mode:",1--gh--gfhkklllkjhg--fg--gglkllloonmnmllkhg-----------
"mSCH365
Cantus ID:
Genre: Al | Mode:",1--ghjkl--kkjhghhg--fhjkl--kjklmlkjkhghfgkjhghhg------
"mSCH366
Cantus ID:
Genre: Al | Mode:",1--gh--gfgkjhjhg--ljhkl--lmnllklmmljlmlkjhggj---------
"mSCH367
Cantus ID:
Genre: Al | Mode:",1--g--g--ghjkjhggl--kllmlklmlkjhghgfhghjhhg-----------
"mSCH367
Cantus ID:
Genre: Al | Mode:",1--gh--gfhkghg--fhkjhkl--lnmklmlnmklmlnonnml----------
"mSCH368
Cantus ID:
Genre: Al | Mode:",1--ghg--g--gkjklkjhjjhg--gdghjjjjhgjklkjhghhg---------
"mSCH370
Cantus ID:
Genre: Al | Mode:",1--ghgh--gfhkklghhg--fghhg--gglklmlkhhklklkjhg--------
"mSCH370a
Cantus ID:
Genre: Al | Mode:",1--ghgh--gfhkklg--fghj--glklmlkhhklklkjhggfgg---------
"mSCH371
Cantus ID:
Genre: Al | Mode:",1--gkkjlkk--ghjkjhjhg--gkkjlkk--ghjkjhjhgeghjkjhjhg---
"mSCH372
Cantus ID:
Genre: Al | Mode:",1--ghj--jkllkjkjhhghjkj--hhg--ghhgdghjjjklkjkjhhg-----
"mSCH372a
Cantus ID:
Genre: Al | Mode:",1--d--dgghhgkhgjeghjkjhggf--ghjhggf--ghjhhgdg---------
"mSCH372b
Cantus ID:
Genre: Al | Mode:",1--d--ghg--hjhh--gdghjjhjkhgjdghjkjhgfghjhjhg---------
"mSCH372c
Cantus ID:
Genre: Al | Mode:",1--gh--ghkkjklkjkjhgghjkj--gf--ghhgghkkjklkjkjhg------
"mSCH372d
Cantus ID:
Genre: Al | Mode:",1--ghj--jjkljhkhgjghkj--h--ghhgghjjjkljhkhgj----------
"mSCH373
Cantus ID:
Genre: Al | Mode:",1--ghg--ghkklkjhkkkjhghhg--ghjkkl--lllkklkjhghhg------
"mSCH374
Cantus ID:
Genre: Al | Mode:",1--ghjk--gfhhgghjkjhjklkjkjggf--hjhh--gghjkjhjklk-----
"mSCH375
Cantus ID:
Genre: Al | Mode:",1--g--g--kjl--lmlkkjklkkklkkklmkkgkhkjkhhghjhhg-------
"mSCH376
Cantus ID:
Genre: Al | Mode:",1--ghh--g--gkjlmm--lkmnnmlmlkllkmnnmlmlkhklllg--------
"mSCH377
Cantus ID:
Genre: Al | Mode:",1--g--g--ghkklm--lklmkmlmllklmjkjghhghkklmll----------
"mSCH378
Cantus ID:
Genre: Al | Mode:",1--g--ghkkkl--ml--llmnonmlkmnmllklllmnonmlk-----------
"mSCH379
Cantus ID:
Genre: Al | Mode:",1--g--ghkklml--kl--lkmnmmlklmkkkjhghhghkklml----------
"mSCH380
Cantus ID:
Genre: Al | Mode:",1--gh--g--gkjklm--lklmnmlmlmnmnlklmnmnmlmlmnmlm-------
"mSCH381
Cantus ID:
Genre: Al | Mode:",1--g--g--ghkhkm--kllklmnmlkllhlmlkjkhghjhhg-----------
"mSCH381a
Cantus ID:
Genre: Al | Mode:",1--g--g--gjkhkhhgkmklll--klmnmlmlkjkhghjhhg-----------
"mSCH382
Cantus ID:
Genre: Al | Mode:",1--g--hfg--khkkllm--kkkgklkkhfhjkjlkkkkhghjhhg--------
"mSCH383
Cantus ID:
Genre: Al | Mode:",1--gh--g--gkjlm--lmljklmlmklkjkhkmkmlmkkjg------------
"mSCH384
Cantus ID:
Genre: Al | Mode:",1--g--gh--hfhkjhkmk--lghghfgkhkhhg--------------------
"mSCH385
Cantus ID:
Genre: Al | Mode:",1--gf--ghghgf--hkkkklm--lklmkmlmmlkjkjghhghkk---------
"mSCH386
Cantus ID:
Genre: Al | Mode:",1--glm--ljlkjhl--ml--lmlkmomnmlklkmomnmlmlkl----------
"mSCH387
Cantus ID:
Genre: Al | Mode:",1--gh--ghjklkj--klklm--llknmljhkljkghghkljklmlk-------
"mSCH387a
Cantus ID:
Genre: Al | Mode:",1--gh--g--gkjklm--lmljklmlkkjhghhgfhklkhklnmnml-------
"mSCH388
Cantus ID:
Genre: Al | Mode:",1--g--hkhk--jkljhkl--lmlkllkjhklmlkkkgkkhkk-----------
"mSCH389
Cantus ID:
Genre: Al | Mode:",1--gh--gfhkghg--fhkjhlm--llkjghfgglmlmlmlj------------
"mSCH390
Cantus ID:
Genre: Al | Mode:",1--ghjkjh--jhg--gklmk--llkjlkjhjhgjhjkjhjhggk---------
"mSCH391
Cantus ID:
Genre: Al | Mode:",1--gh--gfhkghg--fhkjhkllmlkl--llmlmlonnlnkll----------
"mSCH391a
Cantus ID:
Genre: Al | Mode:",1--gh--g--fhkjhkllmlkl--lknlnlomnlmkllomnlm-----------
"mSCH392
Cantus ID:
Genre: Al | Mode:",1--ghj--jjhgkhjhg--gkklmlkl--jjklmmlkhjhggkjhjjhg-----
"mSCH393
Cantus ID:
Genre: Al | Mode:",1--gj--hjkjhgggfg--gjjklmlkkkjhh--gjhjkjhggfhjhgg-----
"mSCH394
Cantus ID:
Genre: Al | Mode:",1--gkhg--hjhhg--klmnmlm--jmlkhjhhghkhjhhgklmlk--------
"mSCH395
Cantus ID:
Genre: Al | Mode:",1--ghg--klllll--klnomm--klmnmmlklmlkjkhhghkkll--------
"mSCH396
Cantus ID:
Genre: Al | Mode:",1--g--ghjkll--mlonmm--lghjkllmlonmmlghjkllmlonmml-----
"mSCH397
Cantus ID:
Genre: Al | Mode:",1--gh--jklmml--lnomn--llmnomonmlkmkljlkjhgghj---------
"mSCH397a
Cantus ID:
Genre: Al | Mode:",1--cd--efghhg--gkkhhg--gghjkhkjhhgfghfgegfeddc--------
"mSCH397b
Cantus ID:
Genre: Al | Mode:",1--fgh--hjklk--k--lmnln--kklmnlnmlkijljkjkjhf---------
"mSCH398
Cantus ID:
Genre: Al | Mode:",1--hg--hgf--gh--hhghgfghhdfghgfghjkjhghhgfghhg--------
"mSCH398a
Cantus ID:
Genre: Al | Mode:",1--h--hg--hgfgh--hhghgfghhdfhgfghjkjhghhg-------------
"mSCH399
Cantus ID:
Genre: Al | Mode:",1--hg--hgfghjhjg--ighg--gjkjkhkjghgfgdghgfgfef--------
"mSCH400
Cantus ID:
Genre: Al | Mode:",1--h--hghjhgfefed--efg--gfghjghgefeeddefg-------------
"mSCH401
Cantus ID:
Genre: Al | Mode:",1--hhh--gj--jjj--hjklkjhhllmlklkjkjklmlklkjlk---------
"mSCH402
Cantus ID:
Genre: Al | Mode:",1--hk--kjg--hjhh--gkjghjhggfedhghjhhg-----------------
"mSCH403
Cantus ID:
Genre: Al | Mode:",1--hj--hhgklmmmmlkljkkhghhg--gkjkl--lmmlkhjhkll-------
"mSCH404
Cantus ID:
Genre: Al | Mode:",1--jhgfg--ggklmlkjhg--jhgfh--ggklmlklkjhghgfg---------
"mSCH405
Cantus ID:
Genre: Al | Mode:",1--jl--lmlkj--jklkjllk--ljlmlkjklllmnonmnmlmlkj-------
"mSCH406
Cantus ID:
Genre: Al | Mode:",1--kkhjhh--gfhjhhg--gllmnmmlkkjhkllmlkllkkjh----------
"mSCH407
Cantus ID:
Genre: Al | Mode:",1--ll--ghjghgf--fg--glkkjhhlkkjhhjklkjhgfghglkjhg-----
"mSCH408
Cantus ID:
Genre: Al | Mode:",1--ll--gglkllmnoonmlnmlml--kl--lglmlklkhhglmnoo-------
"mSCH409
Cantus ID:
Genre: Al | Mode:",1--l--h--kl--lklmnmlklkllklmnmlklklljmnmljk-----------
"mSCH409a
Cantus ID:
Genre: Al | Mode:",1--cd--d--dc--ccddcdefedcdcfecddhjhgfefeg-------------
"mSCH409b
Cantus ID:
Genre: Al | Mode:",1--dc--dfededcd--fghhgfedefdd--dgfgfedefdcdgf---------
"mSCH409c
Cantus ID:
Genre: Al | Mode:",1--h--h--hhgeggh--hghjkjghdhjhgfeghedh----------------
"mSCH409d
Cantus ID:
Genre: Al | Mode:",1--gh--g--fhkjhkl--lnmklmlnmklmllmlkhjhklhgfg---------
"mSCH410
Cantus ID:
Genre: Al | Mode:",1--l--llk--lm--lonmlklljlmmmlkkjhggfhjklmmmlkkjhghhg--
